,roll,pitch,yaw,x,y,z,x,y,z,x,y,z
1,0.000180052,6.51E-06,3.86E-05,-0.06325204,-0.03936721,-0.020714441,-1088.82,243.48,1442.7,-0.409421,1.4389591,9.629773
2,7.90E-05,8.90E-06,3.01E-06,-0.003387248,0.09380142,-0.020103576,-1088.52,242.76,1442.88,-0.5602603,1.472479,9.311335
3,8.16E-06,-2.63E-05,-1.73E-05,-0.007052439,0.06264728,-0.002388483,-1088.82,243.12,1442.7,-0.54828894,1.4509305,9.814133
4,-0.000100231,1.92E-05,-3.04E-05,0.0326538,0.010112874,0.02143526,-1088.82,243.29999,1443.2999,-0.57223165,1.5467016,9.653716
5,5.01E-05,-1.27E-05,3.67E-06,-0.013161092,-0.06868874,0.020824397,-1088.88,244.08,1443.6,-0.40223816,1.5467016,9.703996
6,0.000205387,-1.42E-05,1.11E-05,0.012495249,0.04920825,-0.003610214,-1089.1799,243.84,1443,-0.52913475,1.5083932,9.6896305
7,2.52E-06,-1.45E-05,-2.36E-06,0.006997461,0.1011318,-0.005442809,-1088.94,243.36,1443.12,-0.5506832,1.515576,9.687236
8,7.23E-05,-6.20E-05,8.37E-06,0.026545148,0.004615087,0.004331035,-1088.58,242.93999,1443.4199,-0.4764607,1.5012103,9.452597
9,8.92E-05,-1.43E-05,4.86E-06,0.044871107,0.05226258,-0.006053675,-1087.9199,242.76,1444.02,-0.6273,1.5107874,9.522031
10,5.90E-06,-3.11E-06,-2.56E-06,0.010662653,0.06631248,-0.003610214,-1087.98,242.93999,1443.9,-0.5985687,1.446142,9.632168
11,5.23E-06,-7.35E-06,-1.48E-05,0.008219192,0.015610661,0.006774496,-1089,242.93999,1443.84,-0.5818088,1.4557191,9.653716
12,8.54E-06,8.54E-06,-3.36E-05,0.012495249,0.008891144,0.025100453,-1089.24,242.81999,1444.74,-0.5411061,1.4557191,9.617802
13,0.000228102,-7.69E-05,-9.61E-05,-0.010106766,0.010112874,0.03976122,-1088.76,242.93999,1444.86,-0.46927786,1.4389591,9.75667
14,0.000339976,-0.000502778,-0.000105182,0.033264667,0.098688334,0.041593816,-1088.64,242.4,1444.6799,-0.62251145,1.5012103,9.63935
15,0.000399973,-0.000681067,-0.000137048,0.14322041,0.09685574,0.029987376,-1088.7,242.34,1444.38,-0.6368771,1.541913,9.584282
16,0.00082095,-0.000872035,-0.000207768,0.17009848,0.099910066,0.034263432,-1088.52,242.28,1444.7999,-0.52674043,1.5730386,9.677659
17,0.002106689,-0.001699011,-0.000524773,0.176818,0.16649437,0.04220468,-1087.98,242.04,1445.22,-0.679974,1.4676905,9.663293
18,0.002110141,-0.001701796,-0.00052563,0.22874154,0.28378052,0.07091534,-1087.74,241.98,1445.58,-0.75659084,1.7310607,9.273026
19,0.005911716,-0.004474841,0.001794175,0.22874154,0.28378052,0.07091534,-1087.44,241.79999,1446.1799,-0.6847626,1.5802214,9.431048
20,0.016677814,-0.009657843,0.006604441,0.36252102,0.47803566,-0.14410922,-1086.24,240.72,1448.22,0.11492519,1.6305012,9.486116
21,0.010594771,-0.007589728,0.001027691,0.4810289,0.82439625,-0.32309273,-1085.94,240.06,1449.96,-1.0008069,1.1492519,9.687236
22,0.001800896,-0.006541066,-0.004653629,0.46942246,0.6545757,-0.061031546,-1087.2,240,1449.6599,-3.0263634,2.4062462,9.692024
23,-0.001681317,-0.001107568,-0.001746652,0.5091287,0.1414489,0.36290893,-1087.74,240.12,1449.6,-1.7741576,2.9114382,9.308941
24,-0.003498429,0.001182445,-0.00089921,0.15177253,-0.22995716,0.23890328,-1088.28,240.59999,1448.4,-1.0079896,3.1388943,8.41827
25,-0.00297292,0.004358795,-0.001001753,-0.13533413,-0.40099946,0.103291206,-1088.58,240.54,1447.74,-1.3288225,2.8013015,8.964165
26,-0.005210666,0.004505399,-0.003552091,-0.41999733,-0.28676763,0.09718255,-1088.76,240.72,1447.2,-1.5969813,2.5379312,9.3280945
27,-0.004528471,0.00557801,-0.002317723,-0.3607434,-0.41871455,0.2859399,-1089.4199,241.2,1446.1799,-1.9465454,2.4900458,9.440625
28,-0.002759785,0.005795357,-0.000151959,-0.45298406,-0.36862355,0.1894232,-1089.78,241.86,1445.22,-0.023942748,2.1093562,9.344854
29,-0.000607234,0.005847234,0.002294886,-0.51101625,-0.24339621,0.014104879,-1089.48,242.15999,1444.9199,0.24900457,1.4317763,9.06233
30,0.000451567,0.001573358,0.000481428,-0.5201793,-0.05341711,-0.20397401,-1089.72,242.45999,1444.02,-0.531529,1.462902,9.407105
31,-0.001629346,0.003639435,-9.58E-05,-0.26911363,0.07730805,-0.082411826,-1089.24,242.7,1444.02,-0.7206767,1.6927522,9.593859
32,-0.00013468,3.41E-05,-4.83E-05,-0.4071692,-0.18230967,0.011050552,-1089.36,242.93999,1443.84,-1.3096683,1.802889,9.620196
33,-0.000646528,0.000517325,-0.000246556,-0.01988061,-0.078462586,0.02815478,-1089.66,242.45999,1444.02,-0.6153286,1.7478206,10.743111
34,-4.87E-05,0.00011015,-0.000151708,-0.12433857,-0.15543161,0.059308905,-1090.2,241.86,1444.44,-0.88109314,1.786129,9.900327
35,-0.000436524,-0.00041132,-0.00035366,-0.05592166,-0.024706446,0.077024005,-1089.66,241.37999,1444.14,-0.409421,1.3958622,10.194822
36,-9.65E-06,-0.000167344,5.02E-05,0.11023369,-0.1169471,0.09473909,-1089.36,241.2,1444.5599,-0.6153286,1.7382435,9.469357
37,-0.000649538,-0.001820458,0.000874412,0.08946427,-0.005158757,-0.026823094,-1089.4199,241.79999,1444.32,-0.54828894,1.5586729,9.344854
38,-0.000991089,-0.000798093,0.001370287,0.27944335,-0.099842876,-0.13433537,-1089.6,242.22,1444.2,-0.22745611,2.2865324,9.419077
39,0.000107058,0.001796706,0.001917737,0.13039224,-0.16215113,-0.22413257,-1089.1799,242.28,1444.44,-0.16041641,2.056682,9.287392
40,0.004457704,0.010009095,0.001466571,-0.24773335,0.014999796,-0.2644497,-1089.1799,242.7,1443.96,-0.600963,1.4509305,8.724737
41,0.001572623,0.006480231,0.000765701,-0.67289555,0.30027387,-0.10012692,-1088.82,243.36,1442.4,-0.80208206,0.6847626,9.27542
42,5.64E-05,0.000280171,-0.000142129,-0.5592746,0.13595112,-0.06652933,-1088.88,243.65999,1442.1,-0.84278476,1.5802214,9.907509
43,-2.02E-05,0.000147922,-0.000101002,-0.11089953,0.02233018,0.05625458,-1089.1799,243.54,1442.1,-0.888276,1.1540405,9.835681
44,-0.000110079,0.001082686,-0.000409653,-0.077912815,-0.010656544,0.053200252,-1089.0599,244.2,1442.4,-0.7733508,1.472479,9.1940155
45,0.000988867,0.001728474,-0.000670485,-0.22452046,-0.02287385,0.08496525,-1089.1799,244.56,1442.94,-0.71828246,1.1995317,9.452597
46,0.004877175,0.000836006,-0.00036157,-0.26667017,0.15244447,0.103291206,-1088.52,244.43999,1443.2999,-0.4166038,1.2330515,9.885961
47,0.003233483,-0.000536362,0.000134004,-0.084021464,0.48964208,0.03609603,-1088.16,243.84,1443.2999,-0.6249057,1.185166,9.905115
48,0.001470725,-0.000909759,0.00130734,0.06625139,0.39923403,-0.016438384,-1087.02,243.54,1443.72,-0.7901107,0.94095,9.794978
49,0.001605337,-0.001652993,0.001713339,0.1383335,0.22330484,-0.19847623,-1086.2999,243.36,1444.2,-0.5219519,0.9074302,10.05356
50,0.001374915,-0.003170422,0.003351413,0.21835685,0.21169841,-0.22596516,-1086.1799,243.65999,1444.74,-0.65363705,0.61293435,9.888355
51,0.001434402,-0.004551618,0.005058757,0.32342565,0.1396163,-0.3414187,-1085.82,243.59999,1444.62,-0.8332076,0.9337672,9.950606
52,0.001334876,-0.004507713,0.00524226,0.3863448,0.12067948,-0.42877242,-1084.86,243.9,1445.0399,-0.9888355,1.0965779,9.682447
53,0.003282954,-0.003088362,0.006845346,0.38023612,0.111516505,-0.4416006,-1084.14,244.01999,1445.2799,-1.0271438,1.2498114,9.208381
54,0.005918834,-0.005246949,0.007781575,0.24218059,0.2556807,-0.5344521,-1083.5399,243.65999,1446.6599,-1.1899546,1.4150164,9.385557
55,0.00272408,-0.00888826,0.00241527,0.35396892,0.3961797,-0.52162397,-1082.58,242.87999,1447.5599,-1.7238779,1.6137413,9.720756
56,0.008006654,-0.008499793,0.004453883,0.64168644,0.1958159,-0.17343076,-1081.86,242.7,1447.86,-1.9848539,2.4277947,9.957788
57,0.015717192,-0.010493153,0.00298393,0.53906107,0.5055246,-0.27972132,-1081.14,242.4,1449.7799,-2.1452703,2.0854135,8.806143
58,0.019495504,-0.009088137,-0.00137121,0.53783935,0.803016,-0.14838527,-1081.08,242.34,1450.02,-2.8372157,2.7677817,9.284998
59,0.008276115,-0.002341349,-0.000673053,0.4370466,0.9392389,0.07030448,-1080.5399,243.06,1451.22,-3.1149516,2.9856608,8.530801
60,0.00024615,0.000202598,0.000141827,0.17803973,0.63014114,0.051978525,-1081.62,242.51999,1450.6799,-2.4613144,2.6241252,7.9753294
61,0.000323751,3.59E-05,0.000536676,-0.076691076,0.09319054,-0.053701166,-1080.78,242.7,1450.44,-2.2099156,1.960911,9.771035
62,-0.0042169,0.001847054,0.001312087,-0.010106766,0.09135795,-0.1514396,-1081.02,241.98,1451.1599,-3.2202997,2.0902019,9.505271
63,0.001456824,-0.00342516,-0.000452894,-0.18909028,-0.43093184,-0.13372451,-1081.62,242.4,1449.72,-2.3368123,2.6696165,10.290593
64,0.001215412,-0.003100348,0.000196008,0.39550775,0.16832696,0.05258939,-1081.6799,242.58,1450.02,-2.2745612,2.1117504,8.758257
65,-0.00096854,-0.000115101,0.000129763,0.37962526,0.14877929,-0.023768766,-1081.98,242.64,1449.7799,-2.3032923,2.0327394,8.487704
66,-0.002387149,0.000229911,-0.001314753,0.025934285,-0.21835072,-0.029266553,-1083.0599,241.79999,1448.2799,-2.9377751,2.4637089,8.784595
67,-0.006254049,0.003015027,-0.001483519,-0.030876184,-0.32280868,0.17781676,-1083.24,242.28,1448.52,-2.291321,2.3463893,8.767835
68,-0.00431916,0.003312084,-0.003836378,-0.25262028,-0.52500504,0.12528236,-1084.14,241.37999,1447.2,-2.1548474,2.8587642,9.014444
69,-0.001887471,0.000682271,-0.003744191,-0.28621787,-0.37473223,0.33297652,-1084.9199,242.28,1447.26,-2.3200524,2.360755,9.502876
70,-0.0007849,0.000197525,-0.0039918,-0.07363675,-0.2049117,0.40628037,-1084.86,242.15999,1447.14,-1.802889,2.3631492,9.742304
71,-0.000620489,-0.000177382,-0.001770146,-0.021713205,-0.087014705,0.44232142,-1085.34,242.15999,1448.1599,-1.3958622,2.3416007,9.423865
72,0.000101177,5.33E-05,-0.000297992,0.02898861,-0.1010646,0.28838336,-1085.58,241.86,1447.5,-0.9241901,2.2314641,9.251478
73,0.000224491,0.000367214,-0.000330164,-0.02110234,0.040045273,0.117951974,-1086.0599,241.98,1447.32,-1.0439038,2.1596358,9.1628895
74,-0.00081309,0.000780965,-0.000365756,-0.111510396,0.068145074,0.10023688,-1085.22,241.98,1447.2,-1.3719195,2.1141446,9.115005
75,-6.75E-05,0.000269678,-0.00013531,-0.1603796,-0.16703804,0.07519141,-1086.78,242.04,1446.6,-1.2905141,2.0087965,9.45978
76,0.000109469,0.000342287,-0.000224177,-0.10845607,-0.027149906,0.054421987,-1086.66,242.58,1445.64,-1.2953026,2.0878077,9.636956
77,-0.000455032,0.001088413,-0.000951885,-0.11761905,0.03760181,0.077024005,-1086.72,242.22,1445.46,-1.6831752,2.1237218,9.421472
78,-0.001151669,0.003346547,-0.001086617,-0.1976424,-0.08273864,0.17292984,-1086.4199,242.58,1446.36,-1.4652961,2.2099156,9.002473
79,-0.001288434,0.002516908,-0.000942042,-0.38884324,-0.13405134,0.12650408,-1086.1799,242.58,1446.2999,-1.3910737,2.004008,9.268238
80,0.000114142,0.000114082,-0.000372704,-0.3259241,-0.16703804,0.12222803,-1086.2999,242.4,1445.76,-1.3838909,1.8340145,9.873989
81,7.04E-05,-3.23E-05,-3.87E-06,-0.040039163,0.040045273,0.13078013,-1086.72,242.34,1446.6,-1.132492,1.7621863,9.809344
82,2.35E-05,-1.44E-05,2.01E-05,0.025934285,0.05653863,0.003109304,-1086.48,241.73999,1446.4199,-0.9505271,1.7095122,9.581888
83,0.000217712,-5.52E-05,-2.74E-05,0.01738217,0.02843883,-0.024379632,-1087.02,242.15999,1446.96,-1.2474172,1.7741576,9.636956
84,0.000382075,-8.14E-05,-0.000177271,0.025934285,0.10235352,0.012883148,-1085.94,241.86,1446.2999,-1.3910737,1.8076775,9.385557
85,0.000171302,-5.83E-05,-0.000143136,0.02776688,0.13045332,0.060530636,-1086,241.62,1447.38,-1.5610672,2.0854135,9.342461
86,0.000569013,-0.000237255,-0.000125829,0.027156016,0.079751514,0.06663929,-1085.34,240.78,1448.46,-1.4126221,2.0902019,9.617802
87,0.003062201,-0.002016781,-0.000523126,0.066862255,0.16038573,0.03548516,-1085.0399,240.65999,1449,-1.3814965,1.8172545,9.847652
88,0.00408479,-0.003300551,-0.000729809,0.23423934,0.35586262,0.061141502,-1084.5599,240.12,1449.48,-1.4916332,1.951334,9.828498
89,0.002142952,-0.001915555,-0.00029555,0.32037133,0.3967906,0.071526214,-1084.44,239.7,1449.6599,-1.5538844,1.924997,9.538791
90,0.003563041,-0.001828649,0.000144942,0.25195444,0.2819479,0.039150354,-1084.26,240.72,1448.58,-1.7550035,2.19555,9.368797
91,0.002303361,-0.000399534,0.000767018,0.20430693,0.3980123,-0.015827518,-1084.02,240.54,1448.2799,-1.7981004,2.1045675,9.277815
92,0.001596982,0.000397726,0.000793203,0.057088412,0.32837367,-0.1092899,-1084.08,240.78,1448.76,-1.7358493,2.116539,8.825297
93,0.000282882,0.00108209,-0.000263961,-0.0656955,0.2642328,-0.13128105,-1085.16,240.78,1448.4,-2.3152637,2.5929997,6.9218483
94,-0.000179096,-0.001136433,-0.000869703,-0.2257422,0.058982093,0.05503285,-1085.4,241.14,1447.44,-3.1652312,2.1476645,10.822123
95,-0.00070484,-0.000295555,7.15E-05,0.21163732,-0.033258557,0.16193427,-1085.94,240.95999,1447.2,-2.3128695,2.4708917,9.373586
96,-0.004403365,0.002130494,0.000221751,0.07541437,-0.17986621,-0.018270979,-1086,241.68,1446.4199,-1.4652961,1.9824595,8.638543
97,-0.004435412,0.002977215,-0.001176033,-0.21535748,-0.44498172,-0.02193617,-1086.4199,241.62,1446.6,-2.1045675,2.1883671,9.059936
98,-0.00160763,0.002203203,-0.000411496,-0.28438526,-0.4242123,0.11306505,-1086.2999,241.31999,1446.1799,-1.673598,2.1931558,9.452597
99,0.000498835,0.000854828,1.04E-05,-0.29660258,-0.21651813,0.055643715,-1086.24,241.31999,1447.32,-1.0582695,1.9944309,9.466963
100,-0.000282952,0.000611121,-0.000206458,-0.1921446,0.11212737,-0.002388483,-1086.48,241.86,1446.84,-1.5730386,2.0518935,9.229929
101,-0.000940717,0.001319417,-0.000409367,-0.16282308,-0.07540826,0.05503285,-1086.24,241.98,1446.5399,-1.7909175,2.0758362,9.3280945
102,-0.000236816,0.000334474,-0.00023053,-0.22818565,-0.16276199,0.07091534,-1085.88,242.15999,1446.6599,-1.8842943,2.0327394,9.687236
103,0.000214678,-7.64E-05,-6.39E-05,-0.10906693,-0.077240855,0.07519141,-1086.12,241.79999,1445.88,-1.4844503,1.8052832,9.7135725
104,9.49E-05,-6.62E-05,3.81E-05,0.035097264,0.098688334,0.029376509,-1086.1799,241.68,1446.36,-1.1277034,1.5371244,9.364009
105,0.000625111,-0.00073419,-0.000411167,0.042427648,0.06081469,-0.024379632,-1086.1799,240.9,1446.96,-1.5275474,1.6281068,9.692024
106,0.000447678,-0.000447541,-0.000191134,0.16032463,0.13656197,0.08985216,-1085.88,240.54,1447.26,-1.7573977,1.934574,9.5794935
107,0.00043818,-0.000328234,-8.35E-05,0.12306186,0.123122945,0.05258939,-1085.76,241.56,1446.2999,-1.6568382,2.1069617,9.385557
108,2.18E-05,-2.05E-05,-4.05E-05,0.098627254,0.13167506,0.025100453,-1086.0599,241.37999,1445.76,-1.8459859,2.0279508,9.356826
109,1.16E-05,3.04E-05,2.09E-05,0.020436497,0.021719314,0.040372085,-1085.46,240.54,1447.5,-1.7502149,1.9752767,9.1628895
110,-1.29E-06,-9.19E-06,1.65E-05,-0.034541376,0.0131672,-0.023768766,-1085.82,240.95999,1447.6799,-1.6233183,1.8435916,9.385557
111,0.000169532,-0.000161147,9.46E-05,0.014938709,-0.002104431,-0.026823094,-1086.0599,241.2,1447.2,-1.786129,1.9944309,9.562734
112,0.000146821,-0.000153092,5.89E-05,0.07174917,0.075475454,-0.042094722,-1086.4199,240.59999,1447.44,-1.7190893,1.934574,9.399923
113,5.34E-05,-0.000127546,8.05E-06,0.07297091,0.06997767,-0.028044824,-1085.64,241.08,1448.34,-1.8938714,2.020768,9.335278
114,0.000207843,-0.000181647,-5.22E-05,0.0766361,0.032104023,-0.004831944,-1085.94,240.84,1448.34,-1.908237,2.1500587,9.25866
115,0.000431877,-0.000243208,-7.81E-06,0.0766361,0.08769276,0.022046126,-1085.7,240.36,1447.86,-1.664021,2.135693,9.45978
116,0.000940139,-0.000972681,-0.000409024,0.077246964,0.13717285,0.002498439,-1085.7,240.59999,1447.86,-1.838803,2.1213274,9.545974
117,0.00068851,-0.000861054,-0.000434208,0.18292665,0.1768791,0.077024005,-1085.88,240.18,1447.62,-1.977671,2.2338583,9.507666
118,-0.000123116,-6.95E-05,-0.000280189,0.176818,0.1414489,0.0892413,-1086.84,240.9,1447.02,-2.0614705,2.2769554,9.160496
119,-0.002950627,0.001607576,-0.001428453,0.02776688,-0.049141057,0.11184332,-1087.6799,240.48,1446.72,-2.3248408,2.432583,9.033599
120,-0.004044555,0.002644591,-0.001277893,-0.18786855,-0.3454107,0.16743205,-1087.86,240.9,1445.82,-2.0854135,2.4445546,8.770228
121,-0.004352675,0.002630597,-0.002313362,-0.2642267,-0.40466464,0.12833668,-1087.38,241.31999,1445.46,-1.908237,2.1811843,9.361614
122,-0.00464095,0.002978083,-0.000943538,-0.24834421,-0.411995,0.21935561,-1087.14,241.86,1445.34,-2.0064023,2.169213,9.332883
123,-0.00380048,0.003413961,0.002153668,-0.28133094,-0.43887308,0.08985216,-1087.38,241.5,1445.52,-0.4836435,1.5443072,9.244295
124,-0.000416971,0.000201453,0.000435404,-0.32470235,-0.36068234,-0.20397401,-1087.74,242.04,1445.7,-0.9289786,1.541913,9.775824
125,2.59E-05,-0.000167021,0.000129769,-0.056532525,-0.1169471,-0.12211807,-1087.14,241.98,1445.46,-1.2258687,1.6496553,10.242707
126,1.97E-05,-5.70E-05,9.39E-05,0.08091216,0.012556336,-0.06286414,-1087.14,242.04,1445.76,-1.0798179,1.9226027,9.488511
127,4.01E-05,0.000116308,4.54E-05,0.03815159,0.0131672,-0.06286414,-1087.74,241.79999,1444.86,-1.2929084,1.9178141,9.04557
128,0.000137976,0.000127309,-4.85E-06,-0.07180415,0.02477364,-0.028044824,-1087.86,241.68,1444.62,-1.2354459,1.8699286,9.488511
129,2.37E-05,3.98E-05,-2.10E-05,-0.0656955,0.0711994,0.002498439,-1088.1,241.73999,1444.9199,-1.3623424,1.8579572,9.703996
130,4.61E-05,9.07E-07,-2.40E-06,-0.039428297,0.023551911,0.020824397,-1087.9199,242.34,1444.9199,-1.4245936,1.8723229,9.75667
131,5.05E-05,-2.60E-05,1.31E-05,-0.000943787,0.04798652,0.002498439,-1087.62,241.56,1445.2799,-1.3072741,1.9058428,9.574705
132,7.74E-07,1.60E-06,5.80E-07,0.024101688,0.04676479,-0.012162327,-1087.08,241.98,1444.86,-1.472479,1.9537282,9.452597
133,2.91E-05,4.78E-05,5.81E-05,-0.00827417,0.004004222,-0.002999348,-1087.5599,241.86,1445.7,-1.3551595,1.8914771,9.488511
134,0.000234389,-0.000132806,0.000165803,-0.037595704,0.022941044,-0.045759913,-1087.2,242.64,1446.2999,-1.2330515,1.802889,9.644139
135,0.000298817,-0.000198747,0.000170318,0.052812357,0.09319054,-0.065918475,-1087.08,242.34,1446.1799,-1.2737542,1.786129,9.61062
136,0.000658353,-0.000181666,2.24E-05,0.07052745,0.106018715,-0.06042068,-1086.9,241.68,1446.0599,-1.359948,1.8627458,9.591465
137,0.001128268,-0.000402796,0.000110818,0.049147163,0.17810081,-0.006053675,-1087.9199,241.98,1445.1599,-1.6664152,1.8148603,9.454991
138,-0.000503905,0.000332219,-1.07E-07,0.08213389,0.23002437,-0.022547036,-1088.22,241.73999,1445.22,-1.3910737,1.8364087,9.009656
139,-0.002478659,0.000625843,-0.000693334,-0.0956279,-0.1450469,5.50E-05,-1087.7999,241.5,1445.1,-2.5235655,2.3224466,9.541185
140,-0.001557986,0.00011251,0.000391481,-0.08585406,-0.34052378,0.09534995,-1087.7999,241.56,1445.0399,-1.0175668,1.6041641,9.960183
141,-0.000748062,-0.000308775,-0.000161637,-0.01988061,-0.27455032,-0.068972796,-1087.98,242.28,1445.34,-1.2091088,1.7047237,9.747093
142,-0.000261449,-9.43E-05,-1.31E-05,0.07602523,-0.18414228,0.03976122,-1087.26,242.64,1445.34,-1.0774237,1.7573977,9.447808
143,-0.000608072,0.000342339,0.000251625,0.039984185,-0.11083845,0.005552765,-1087.86,241.98,1444.2,-0.7805336,1.56825,9.0288105
144,-1.33E-05,0.000130939,7.79E-05,-0.08890838,-0.15787506,-0.0653076,-1087.5,242.51999,1444.9199,-0.8739103,1.6065584,9.364009
145,4.30E-05,6.04E-05,2.20E-05,-0.07485848,-0.007602218,-0.044538185,-1088.28,241.92,1444.14,-1.0486923,1.7119064,9.581888
146,0.000107555,8.61E-05,1.93E-05,-0.048591275,0.034547485,-0.017660115,-1087.5,242.7,1444.74,-1.3000913,1.759792,9.428655
147,0.000287977,0.000436364,4.33E-05,-0.051645603,0.06447988,-0.011551462,-1087.7999,241.73999,1444.86,-1.0127783,1.6783867,9.368797
148,7.99E-06,0.000405507,-6.67E-05,-0.13472328,0.08891449,-0.013384057,-1088.0399,242.15999,1444.7999,-1.2091088,1.6783867,9.557945
149,-0.000153944,1.63E-05,-0.000355891,-0.14144279,0.002782491,0.023267856,-1087.9199,242.64,1443.84,-1.5634614,1.8148603,10.0368
150,0.000409009,-0.000245617,7.20E-05,-0.005830709,-0.055249706,0.12772581,-1088.4,243,1444.44,-1.3695252,1.8603516,9.981731
151,-0.001177581,0.000929069,0.000198484,0.07907956,0.13167506,-0.023157902,-1088.1,243.06,1445.0399,-0.723071,1.594587,8.865999
152,-0.000142671,-4.02E-05,-6.73E-05,-0.16893174,-0.21407467,-0.035986073,-1088.58,242.58,1444.5,-1.4605076,1.8052832,9.5794935
153,-0.000151449,-0.000208936,9.90E-05,0.022269093,-0.07907345,0.037317757,-1087.9199,241.92,1444.32,-0.7877164,1.4006507,10.08708
154,-0.000617219,2.48E-05,-1.52E-05,0.088853404,-0.06441269,-0.042094722,-1088.52,242.04,1443.96,-1.0606637,1.620924,9.407105
155,-7.13E-05,1.59E-05,5.85E-06,-0.007052439,-0.17559016,0.004331035,-1088.28,242.87999,1444.38,-1.201926,1.7430321,9.402317
156,4.32E-05,1.66E-05,1.56E-05,-0.013161092,-0.058914896,-0.004831944,-1088.34,243.12,1444.5,-0.6153286,1.5443072,9.457385
157,0.000142721,6.46E-05,1.83E-05,-0.016826283,0.043710463,-0.015827518,-1088.1,242.58,1444.32,-0.9026416,1.5730386,9.452597
158,-0.00015007,7.24E-05,-0.000107087,-0.03637397,0.08036238,-0.010329731,-1088.7,243,1443.48,-0.92658436,1.5083932,9.373586
159,2.41E-05,1.48E-05,-1.41E-05,-0.03637397,-0.07540826,0.053811118,-1088.22,242.15999,1444.7999,-0.9026416,1.6257126,9.90272
160,1.75E-05,1.43E-05,-1.60E-05,-0.018658878,0.030271428,0.017770069,-1088.46,242.04,1445.0399,-0.86193895,1.5634614,9.58907
161,0.000243564,-7.50E-05,6.86E-05,-0.019269746,0.023551911,0.02143526,-1087.74,242.58,1445.1,-0.8930645,1.5658557,9.668081
162,0.000342894,-6.53E-05,0.000210937,0.0326538,0.106018715,-0.029877419,-1086.84,241.98,1445.52,-0.8667275,1.4820561,9.450203
163,0.000233174,-0.000100019,0.000232141,0.022879956,0.12006862,-0.07385972,-1085.94,241.62,1446.4199,-0.9816527,1.5538844,9.42626
164,0.001366259,-0.00205474,0.002457709,0.03815159,0.08891449,-0.08852048,-1085.22,241.62,1447.14,-0.8475733,1.4102279,9.974549
165,0.0036929,-0.007312903,0.007298074,0.24645664,0.16344005,-0.29438207,-1084.62,241.73999,1447.6799,-0.4644893,1.2689656,9.905115
166,0.005684959,-0.009411014,0.00976345,0.48652667,0.2434634,-0.4837503,-1083.24,241.5,1448.46,-0.7541966,1.2306572,9.70639
167,0.00733245,-0.010159454,0.013383257,0.5506675,0.32898453,-0.56804967,-1083,241.14,1449.12,-0.84996754,1.611347,9.775824
168,0.003741369,-0.008014763,0.008596802,0.5335633,0.37968633,-0.69755316,-1084.26,241.62,1449.84,-1.4269878,1.8842943,9.361614
169,0.002860994,-0.004692997,0.00318619,0.5115721,0.23613301,-0.5466694,-1082.4,241.73999,1448.46,-2.5858169,2.5642684,9.431048
170,0.000202683,-1.14E-05,-0.000238669,0.41688803,0.25323725,-0.28216475,-1082.82,241.62,1448.64,-3.0167863,2.9473522,8.490098
171,-0.00039366,0.00130365,-0.000448138,0.004554,0.080973245,0.09534995,-1083.6,241.2,1448.94,-2.640885,2.9066496,8.741497
172,6.00E-05,9.37E-05,-7.05E-05,-0.24345729,-0.07357566,0.08374351,-1082.88,241.5,1449.36,-1.7406378,2.516383,9.024022
173,0.000171431,-0.000174106,-9.52E-05,-0.057754252,0.036990944,0.04342641,-1082.76,242.15999,1449.4199,-1.8914771,2.3679378,9.75667
174,0.000216998,-0.000218635,0.000380059,0.07602523,0.074864596,0.041593816,-1082.82,242.22,1448.76,-1.333611,2.1045675,9.660899
175,-0.000365156,-0.000965481,0.000599452,0.06991658,0.069366805,-0.121507205,-1082.76,241.37999,1448.76,-1.4676905,2.0518935,9.239507
176,0.003330343,0.001238948,0.001126174,0.19758742,-0.07479739,-0.12272894,-1082.34,241.86,1449.6,-1.7550035,2.308081,10.067925
177,-0.000301574,-0.000122307,-9.51E-06,-0.1432754,0.38579503,-0.13067017,-1082.58,241.98,1449.72,-2.3631492,2.648068,6.9122715
178,0.002853577,-0.00383926,0.000429959,0.047925435,-0.11816883,0.003720169,-1082.94,241.56,1449.12,-1.776552,2.473286,11.169292
179,-0.001743329,0.002973017,-0.000231408,0.39184257,0.2911109,-0.043316457,-1083.4199,242.34,1447.7999,-1.8531687,2.2075214,8.767835
180,-0.001630655,0.002174843,-0.001068017,-0.35768908,-0.20979862,0.02815478,-1083.36,242.34,1447.32,-1.89866,2.2793496,8.329682
181,-0.00121278,0.001834025,-0.001211242,-0.28438526,-0.21346381,0.13994311,-1084.14,242.22,1446.4199,-2.3344178,2.4014575,8.6984005
182,-0.001238155,0.002978422,-0.001297562,-0.25872892,-0.1713141,0.17109725,-1084.5,243.06,1446.7799,-2.2194927,2.4182177,9.330489
183,-0.001587107,0.004478506,-0.002321591,-0.35707822,-0.1487121,0.15582563,-1085.16,242.7,1446.4199,-1.908237,2.3679378,9.273026
184,-0.001424898,0.003444068,-0.00253245,-0.43526897,-0.15482074,0.22607511,-1084.98,242.04,1446.0599,-1.7981004,2.1979442,9.217958
185,-0.000353841,0.001761443,-0.001811195,-0.362576,-0.15054467,0.2670031,-1085.34,242.7,1445.82,-2.0255566,2.2027328,9.438231
186,-8.22E-05,0.000611927,-0.001269158,-0.24651161,-0.04975192,0.25356406,-1085.52,242.4,1445.52,-1.8244374,2.0878077,9.694419
187,-0.000148245,0.000344982,-0.001050424,-0.11517559,-0.015543466,0.23890328,-1085.34,241.73999,1445.88,-1.6688095,1.924997,9.845258
188,0.000688607,0.000222776,-0.000765805,-0.07302589,-0.031425964,0.22240993,-1085.88,242.09999,1445.52,-1.6424725,1.7933118,9.775824
189,0.000675694,-2.05E-05,-0.000383151,-0.048591275,0.15000102,0.16682118,-1084.38,243,1445.82,-1.3527653,1.7095122,9.672871
190,0.000214728,0.000181901,-0.000165618,0.005164865,0.1713813,0.09718255,-1085.1,242.76,1446.48,-1.2665714,1.5802214,9.529214
191,0.000100958,0.000158411,-6.98E-05,-0.07119329,0.084027566,0.06480669,-1084.7999,242.81999,1446.72,-1.3527653,1.4174107,9.337671
192,0.00035444,-0.000154268,-9.67E-05,-0.07913454,0.05042998,0.034874298,-1084.7999,241.98,1445.88,-1.4796618,1.498816,9.402317
193,0.001818277,-0.000849382,-0.000547237,0.05464495,0.12556641,0.034263432,-1085.1,242.22,1447.14,-1.4581133,1.4844503,9.967366
194,0.002170287,-0.000846123,-0.000693806,0.13161397,0.2819479,0.08496525,-1085.46,241.86,1447.02,-1.6161355,1.5706443,9.90272
195,0.001680425,-0.000471619,-0.000331259,0.12122926,0.31126943,0.09962601,-1083.2999,241.68,1448.1599,-1.7190893,1.6281068,9.299363
196,0.001768424,-0.00067074,-7.49E-05,0.07907956,0.2819479,0.055643715,-1083.6,241.43999,1449.1799,-1.673598,1.6400782,9.299363
197,0.00395352,-0.00195417,0.000261709,0.109011956,0.28744572,0.012272283,-1083.6,240.95999,1450.02,-1.7645805,1.7310607,9.419077
198,0.007082062,-0.005145574,0.000462297,0.20797212,0.42061433,-0.027433958,-1083.66,241.08,1450.74,-1.8004947,1.776552,9.598648
199,0.004709968,-0.00607107,0.00068882,0.38878825,0.5348461,-0.03354261,-1082.64,240.48,1451.4,-1.7430321,1.7717633,9.826104
200,0.005169746,-0.006086445,0.00133647,0.48897016,0.37907547,-0.05431203,-1082.64,240.42,1451.2799,-2.2865324,1.977671,9.708784
201,0.003446661,-0.002310191,-0.000319738,0.47858542,0.40595356,-0.103792116,-1082.46,240.65999,1452.36,-2.2003386,1.9489397,9.220352
202,0.001804611,-0.000126634,0.000128538,0.25317615,0.37785375,0.03548516,-1081.5,241.08,1451.22,-2.5906053,2.2601955,8.9498
203,0.000975792,-2.73E-05,0.000588917,0.021047361,0.299663,-0.021325305,-1081.6799,241.08,1452.12,-3.0886145,2.595394,8.554744
204,0.002763511,-0.001142309,0.001669107,0.005775731,0.20436803,-0.123339795,-1082.1,240.9,1451.52,-2.3727264,2.2625897,8.796566
205,-3.49E-05,-0.000568957,0.000545775,0.1383335,0.33387145,-0.20153055,-1082.52,241.08,1451.76,-2.6360965,2.0902019,9.356826
206,-0.001799525,0.000148467,-0.000786064,0.14322041,-0.008823949,-0.1373897,-1082.46,241.26,1451.76,-3.2633965,2.5714512,9.354432
207,-0.000298111,-0.000409768,-0.000165789,-0.023545802,-0.28676763,0.12528236,-1082.52,241.14,1450.6799,-4.0295644,2.4541316,8.849239
208,-0.002241512,0.000651973,0.000327477,0.12550531,-0.09129076,0.050756793,-1083.48,241.73999,1449.24,-3.5578923,3.0694604,10.012857
209,-0.005713827,0.002337347,-0.000517481,-0.09501704,-0.3264739,-0.04759251,-1084.2,242.09999,1447.5599,-2.6337023,2.3918805,8.655303
210,-0.013986492,0.010609563,-0.00331112,-0.2098597,-0.51339865,0.047091603,-1084.5,242.45999,1447.38,-3.189174,2.4613144,8.626573
211,-0.012449798,0.015574688,-0.000795225,-0.5598855,-0.7406405,0.1790385,-1084.74,241.98,1447.26,-3.7230973,2.9066496,8.269825
212,-0.008262428,0.009601532,0.000427772,-0.77918607,-0.6233544,0.04464814,-1084.74,242.04,1446.36,-2.142876,2.0686533,8.145323
213,-0.004102937,0.001173263,0.000996826,-0.6032569,-0.5188964,-0.024379632,-1085.76,242.93999,1445.82,-1.6281068,1.7693691,9.332883
214,-0.00137407,-0.000198082,9.30E-05,-0.1255603,-0.4382622,-0.10623557,-1086.24,242.64,1445.22,-1.4221992,1.472479,10.202005
215,-0.001333115,0.000118818,-8.24E-05,0.037540723,-0.26050043,-0.017660115,-1085.76,243.18,1445.2799,-1.7310607,1.6400782,10.489318
216,-0.001613567,0.001241804,-0.000317048,-0.022934936,-0.2574461,0.015937474,-1086.36,243.48,1445.2799,-1.7406378,1.8411974,9.57231
217,-0.000616766,0.000880911,-7.94E-05,-0.19336633,-0.25133744,0.049535062,-1085.28,242.81999,1444.98,-1.7358493,1.7669748,9.021627
218,-0.000133406,0.000344394,0.000117195,-0.18970114,-0.13282959,0.017159205,-1085.46,243.54,1445.64,-1.8268317,1.7573977,9.256267
219,0.000123692,-1.30E-05,2.03E-05,-0.1237277,-0.04791932,-0.042094722,-1085.64,243.54,1445.22,-1.1708003,1.4245936,9.656111
220,-1.50E-05,6.31E-05,-4.73E-05,0.008219192,0.07791892,-0.012773193,-1085.76,243,1445.34,-1.2234744,1.359948,9.567522
221,-4.99E-06,1.23E-05,8.95E-06,-0.049813006,-0.011878275,0.037317757,-1085.1,242.93999,1445.82,-1.786129,1.7143008,9.4095
222,8.05E-05,-5.61E-05,4.58E-05,-0.021713205,-0.008823949,-0.015827518,-1085.76,243.29999,1446,-1.812466,1.7909175,9.397529
223,0.000240428,-0.000192653,7.05E-05,0.03815159,0.054706037,-0.03109915,-1085.82,242.04,1445.4,-1.5299416,1.6496553,9.811738
224,-1.10E-05,-0.000342806,0.000189669,0.0766361,0.09563401,-0.028044824,-1084.26,242.34,1446.7799,-1.4581133,1.56825,9.847652
225,-5.94E-05,-0.001011808,0.000528302,0.122451,-0.003937027,-0.067751065,-1083.78,241.43999,1447.9199,-1.6496553,1.6400782,9.567522
226,0.001326271,-0.004596423,0.002341009,0.21163732,-0.012489139,-0.11051164,-1082.88,241.14,1449.5399,-1.472479,1.4485363,9.593859
227,0.008375133,-0.013626806,0.006830002,0.4455987,0.12800987,-0.22657603,-1082.0399,240.95999,1450.14,-1.2617828,1.3096683,9.871595
228,0.014664603,-0.016864104,0.007406716,0.73270535,0.44688153,-0.36340985,-1082.82,241.31999,1450.44,-1.1253091,1.4748733,9.98652
229,0.008610184,-0.008430468,0.001943704,0.78035283,0.6735125,-0.3359209,-1081.9199,241.73999,1450.38,-1.4150164,1.7430321,9.601042
230,0.000640351,-5.52E-05,0.000232416,0.54028285,0.5507286,-0.12211807,-1082.1,241.2,1451.7,-2.2937152,2.2769554,8.889942
231,0.00051255,0.000154045,0.000380507,0.014938709,0.1732139,-0.06286414,-1082.1,241.2,1452.12,-2.9617178,2.796513,8.3129225
232,0.005342902,-0.004957934,0.001870522,-0.042482626,0.1414489,-0.10501385,-1080.9,240.12,1452.6599,-2.3032923,2.4852571,8.707977
233,0.005914237,-0.008907447,0.002468049,0.40467075,0.43527508,-0.1514396,-1081.38,240.29999,1452.48,-2.2769554,2.360755,9.560339
234,0.001386456,-0.00192457,-1.59E-05,0.6019802,0.39862317,-0.16487864,-1081.98,240.54,1452.24,-2.1931558,2.2554069,9.778218
235,-0.003321741,0.000504228,-0.001707275,0.27944335,0.20131369,0.002498439,-1082.94,240.78,1451.4,-2.9497466,2.6839821,9.462174
236,-0.001193624,0.000744804,-0.000479448,-0.057754252,-0.3826735,0.19675359,-1083.9,241.68,1450.02,-4.4294086,3.347196,7.0607166
237,-0.000956872,0.002096796,-0.000358166,-0.13655588,-0.2189616,0.08801957,-1083.96,241.73999,1448.52,-2.9760835,3.0383348,9.340066
238,-0.00804228,0.010124431,-0.004726248,-0.3069873,-0.14015998,0.05258939,-1084.5599,242.15999,1447.62,-2.3392065,2.638491,8.40151
239,-0.013717764,0.018715063,-0.006936167,-0.6087547,-0.4859097,0.28716165,-1084.2,242.34,1445.76,-2.6887705,2.5115943,8.3129225
240,-0.011968591,0.016205728,-0.001623814,-0.847603,-0.62579787,0.3207592,-1084.62,242.93999,1446.84,-3.100586,2.691165,8.624178
241,-0.004542389,0.007913334,-0.000354234,-0.8054533,-0.5958655,0.08557611,-1085.64,243.18,1445.88,-1.9920366,2.2793496,8.638543
242,-0.001597303,0.001155773,-0.000195522,-0.5855418,-0.3362477,0.027543915,-1085.58,243.23999,1444.74,-1.0247496,1.4964218,10.082292
243,-0.001598864,0.001084929,-0.000243455,-0.1835925,-0.2537809,0.031209104,-1086.24,243.12,1444.02,-1.2833313,1.4293821,9.996098
244,-0.004570007,0.003505018,-0.000969722,-0.17381865,-0.25622436,0.039150354,-1086.84,243.59999,1443.7799,-1.2210802,1.4174107,9.565128
245,-0.002916665,0.002813971,-0.000716884,-0.3240915,-0.42299056,0.090463035,-1086.66,243.36,1443.9,-1.525153,1.7981004,9.555551
246,-0.001053825,0.000678402,-0.0004709,-0.3100416,-0.32158694,0.07946746,-1087.38,243.54,1444.6799,-1.3719195,1.7621863,9.577099
247,-0.000964982,0.000378498,-0.000560552,-0.1310581,-0.20368996,0.0910739,-1087.5,243.54,1444.26,-1.036721,1.5490957,9.727939
248,0.002369841,-0.000276051,-0.001021016,-0.077912815,-0.19880304,0.115508504,-1088.34,244.98,1442.88,-1.2593886,1.5562786,9.924269
249,-0.006125918,0.003989691,-0.001276,0.03815159,0.32898453,0.14177571,-1088.34,244.31999,1441.26,-1.1277034,1.5275474,9.799767
250,-0.006688597,0.005790738,-0.001255392,-0.3271458,-0.50301397,0.10573466,-1088.34,244.08,1441.98,-1.0486923,1.4365649,9.39274
251,-0.003269814,0.001802792,4.47E-05,-0.4328255,-0.5005705,0.09534995,-1088.34,243.84,1442.1599,-1.6568382,1.5323359,9.744699
252,-0.000955686,-0.000395826,-0.000176768,-0.20863797,-0.37839743,-0.004831944,-1088.28,244.26,1441.98,-0.81644773,1.2665714,9.900327
253,-0.000274788,-0.000234677,-9.71E-05,0.08640994,-0.20857689,0.03853949,-1088.4,243.54,1441.98,-0.9074302,0.9720756,10.247497
254,0.000249228,0.000105001,-3.87E-05,0.08579908,-0.100453734,0.03548516,-1086.84,243.84,1443,-0.73743665,1.1277034,9.8548355
255,0.001986494,0.000272864,-1.22E-05,-0.04492608,0.10662959,0.01654834,-1087.38,244.37999,1441.6799,-0.6392714,1.1492519,9.196409
256,0.002707098,0.000391168,-0.000181843,-0.04309349,0.3137129,0.001887574,-1087.44,243.95999,1442.88,-0.49800915,1.0822122,9.507666
257,0.001156369,0.000331501,-7.84E-05,-0.05286733,0.36563644,0.024489587,-1087.38,243.12,1442.1599,-0.60335726,0.9313729,9.569917
258,0.000135572,-0.000221069,5.04E-05,-0.0675281,0.23552215,0.015937474,-1086.66,243.12,1443.84,-0.8667275,1.0510867,9.629773
259,0.000541934,-0.001124577,1.53E-05,0.096183784,0.058982093,-0.02193617,-1086.84,243.12,1443.9,-0.88588166,0.8379962,10.015251
260,0.001693317,-0.002586077,4.02E-05,0.22507635,0.108462185,-0.002999348,-1087.26,243.18,1443.4199,-1.0917894,1.0223553,10.223554
261,0.00068843,-0.000534499,0.00025234,0.32892343,0.2153636,-0.004831944,-1086.48,243.48,1443.7799,-1.0582695,1.1205206,10.058349
262,0.000353654,0.000175207,0.000673122,0.12550531,0.16160746,-0.059198953,-1085.46,243.59999,1444.02,-0.96489275,1.2761484,9.512454
263,0.000739477,-0.000189424,0.001133319,-0.04431522,0.08952535,-0.17037642,-1086.0599,243.48,1444.2,-0.7541966,1.1253091,9.064724
264,0.000453525,-0.001522331,0.001193577,0.03631899,0.1414489,-0.21680218,-1086.4199,243,1444.62,-0.74222517,1.0534809,9.4932995
265,0.000191621,-0.000999179,0.000439839,0.24156971,0.07181027,-0.18931325,-1086.12,243.29999,1443.84,-1.0534809,1.089395,10.122993
266,-2.15E-05,-8.13E-06,-0.000296653,0.21224819,0.040656134,-0.0934074,-1086,242.93999,1443.84,-1.541913,1.2953026,9.670476
267,-5.24E-05,-4.93E-05,-3.15E-05,0.00333227,-0.008823949,0.12161717,-1085.58,243.78,1444.62,-2.2194927,1.8435916,9.186832
268,5.74E-05,-0.000537534,-2.83E-05,0.039373316,-0.041810673,0.025100453,-1086.36,243.42,1445.1,-1.786129,1.9202085,9.344854
269,6.80E-05,-0.000384241,-6.89E-05,0.16337897,0.017443256,0.008607091,-1085.7,243,1445.2799,-1.2354459,1.462902,9.859624
270,7.03E-05,-0.000143703,0.000190669,0.1365009,0.024162775,0.024489587,-1085.34,242.93999,1445.88,-1.3479767,1.3192455,9.447808
271,0.002812037,-0.002017678,0.001614237,0.06441879,0.031493157,-0.085466154,-1085.22,242.04,1446.6,-1.0462981,1.2713599,9.352037
272,0.004982539,-0.004408329,0.002562376,0.23118502,0.32165414,-0.18442634,-1084.9199,241.86,1446.12,-0.967287,1.2713599,9.445415
273,0.004854074,-0.004969291,0.001653472,0.3698514,0.41694912,-0.21374786,-1084.7999,242.34,1446.5399,-0.9122187,1.4078336,10.2642565
274,-0.000604894,0.000239249,-2.66E-05,0.41627717,0.40595356,-0.1373897,-1084.6799,242.93999,1446.4199,-1.4365649,1.6352897,10.101445
275,-0.003060108,-0.001697009,-0.00119531,-0.06630637,-0.16764891,0.007385361,-1085.16,243.18,1445.34,-1.8842943,2.020768,9.153313
276,-9.83E-05,0.000351625,-3.49E-05,0.19758742,-0.3557954,0.13872139,-1085.22,243,1444.38,-2.7677817,1.8914771,10.453403
277,-0.000286092,0.00190563,7.52E-06,-0.12983635,-0.036312886,0.012883148,-1084.74,243,1445.1599,-1.7382435,2.4349775,10.661706
278,-0.000708116,0.000872159,-0.000213195,-0.3069873,-0.04608673,-0.001166753,-1085.46,242.87999,1445.1599,-1.2498114,1.8795058,8.315316
279,-6.82E-05,0.000363944,-0.000248192,-0.18237075,-0.14810123,0.04464814,-1086.48,242.45999,1444.7999,-1.6065584,1.8364087,8.923462
280,-0.000130192,0.000747788,-0.000540806,-0.121895105,-0.02287385,0.083132654,-1085.94,242.64,1444.7999,-1.5514901,1.673598,9.632168
281,-0.000135085,0.000430158,-0.00062304,-0.17320777,-0.03020423,0.12528236,-1086.12,243.06,1444.5599,-1.5203645,1.7669748,9.234718
282,-0.00045552,0.000453342,-0.000903293,-0.10967781,-0.03448029,0.15887995,-1087.08,242.4,1444.44,-1.673598,1.8483802,9.366403
283,-0.000342369,0.000280345,-0.000794864,-0.09623876,-0.09678854,0.19186667,-1086.84,243.06,1444.5,-1.637684,1.7262721,9.663293
284,-5.96E-05,-9.31E-06,-0.000584539,-0.0656955,-0.08029518,0.18636888,-1087.44,242.7,1444.5,-1.4940275,1.6807809,9.5483675
285,0.000161396,-0.000144131,-0.000243289,0.002721405,-0.017376062,0.17048638,-1087.08,242.76,1444.14,-1.3383996,1.6137413,9.735122
286,-6.68E-05,4.90E-05,-0.000123256,0.056477547,0.06325815,0.09534995,-1087.14,243.12,1443.6599,-1.0654523,1.4006507,9.737515
287,-0.000219021,4.47E-05,-1.30E-05,-0.028432721,-0.038756344,0.071526214,-1086.96,242.28,1444.62,-1.1157321,1.4485363,9.483723
288,-0.000127238,-0.000215882,0.000222902,-0.02110234,-0.10350806,0.006163631,-1086.72,242.04,1444.44,-1.0534809,1.4293821,9.397529
289,-0.000144738,-0.000178824,-1.44E-06,0.08335561,-0.049141057,-0.08607702,-1087.14,243.18,1444.14,-0.818842,1.1564348,9.9889145
290,-2.05E-06,-4.83E-05,8.15E-05,0.08335561,-0.06746701,0.000665843,-1087.02,242.51999,1444.38,-1.2593886,1.4748733,10.015251
291,3.11E-05,-8.61E-05,0.000104889,0.035097264,-0.001493566,-0.059198953,-1086.2999,243,1444.44,-1.5395187,1.776552,9.517242
292,2.73E-05,-2.12E-07,1.02E-05,0.051590625,0.018664988,-0.06286414,-1087.02,242.45999,1444.38,-1.211503,1.6017698,9.313729
293,-7.25E-06,5.94E-05,-2.44E-05,0.000277944,0.035769213,-0.013384057,-1086.78,243.12,1444.9199,-1.3264283,1.6161355,9.385557
294,2.32E-05,4.67E-05,-1.40E-05,-0.052256465,-0.006380487,0.02143526,-1086.0599,242.51999,1444.98,-1.3623424,1.594587,9.416683
295,4.92E-06,-2.65E-05,2.31E-05,-0.04492608,0.02233018,0.013494013,-1087.14,242.45999,1445.1,-1.4605076,1.6400782,9.483723
296,-2.56E-05,-9.48E-05,4.58E-05,0.03143207,0.005836817,-0.027433958,-1086.72,242.76,1444.14,-1.3096683,1.6568382,9.694419
297,1.99E-05,-4.52E-05,2.79E-05,0.06441879,-0.017376062,-0.03109915,-1086.12,242.4,1445.1599,-1.3000913,1.6137413,9.766247
298,7.63E-06,4.01E-06,-2.35E-06,0.042427648,0.018664988,-0.026212227,-1086.84,242.51999,1444.14,-1.3479767,1.637684,9.47654
299,-2.46E-05,-1.77E-05,2.22E-05,-0.0094959,0.018054122,0.005552765,-1086.4199,242.09999,1444.14,-1.4389591,1.7645805,9.277815
300,-2.98E-05,-6.49E-05,5.38E-05,0.020436497,-0.028371636,-0.025601363,-1086.5399,242.4,1444.14,-1.403045,1.6975409,9.454991
301,-1.36E-05,-1.84E-05,2.06E-05,0.048536297,-0.022262983,-0.040262125,-1086.12,243.29999,1444.7999,-1.211503,1.5586729,9.792584
302,-3.63E-05,7.16E-06,4.95E-05,0.023490824,-0.017376062,-0.026212227,-1086.2999,242.15999,1444.7999,-1.2761484,1.6017698,9.70639
303,5.03E-06,-3.33E-05,7.13E-05,-0.006441574,-0.032647695,-0.044538185,-1086.4199,243.06,1444.9199,-1.3695252,1.8004947,9.373586
304,3.49E-05,-4.50E-05,2.29E-05,0.026545148,0.004004222,-0.05675549,-1086.66,243.23999,1444.02,-1.3671309,1.7573977,9.447808
305,-5.17E-05,7.42E-05,-1.66E-05,0.04059505,0.031493157,-0.020714441,-1086.48,242.64,1445.52,-1.2737542,1.7143008,9.608225
306,3.26E-05,4.71E-05,9.15E-06,-0.054699928,-0.038145483,0.012272283,-1086.66,242.34,1445.4,-1.525153,1.8866886,9.469357
307,7.02E-05,-3.97E-06,8.66E-06,-0.043704353,0.030271428,-0.008497135,-1086.12,242.45999,1445.0399,-1.2929084,1.7214836,9.478934
308,1.26E-05,2.06E-05,1.24E-06,0.00333227,0.058982093,-0.007275405,-1087.02,242.76,1444.86,-1.2138973,1.5826156,9.593859
309,0.00101257,7.05E-05,-0.000124592,-0.029654453,0.018054122,-0.001777618,-1086.78,242.81999,1444.7999,-1.446142,1.6568382,9.545974
310,-0.001315556,-0.000100104,-0.000341641,-0.015604552,0.22391571,0.027543915,-1086.96,243.18,1444.44,-1.3551595,1.6448668,9.550762
311,-0.000594217,-0.000693141,-0.000573364,0.019214766,-0.25194833,0.06541756,-1087.5,242.28,1444.26,-1.5107874,1.6185298,9.170073
312,-0.000130403,-0.000415713,-0.000182288,0.14932907,-0.12794267,0.12344976,-1087.62,242.22,1444.98,-1.5658557,1.9752767,10.297776
313,-6.99E-06,5.64E-06,4.65E-06,0.13527916,-0.042421535,0.059308905,-1086.9,242.93999,1445.1599,-1.3647367,1.9058428,9.816526
314,0.000104223,0.000143345,1.02E-05,-0.012550226,-0.015543466,-0.010329731,-1086.24,242.4,1444.38,-1.0606637,1.7957062,9.126976
315,8.66E-05,9.85E-05,8.96E-07,-0.07608022,0.055316903,-0.005442809,-1086.12,241.92,1444.98,-1.0510867,1.6951466,9.021627
316,0.000210317,3.73E-05,6.20E-06,-0.060808584,0.053484306,-0.000555887,-1086.48,241.68,1444.2,-1.0774237,1.6616267,9.45978
317,7.03E-05,9.62E-05,-2.88E-05,-0.018048014,0.10174266,-0.002999348,-1086.84,242.45999,1444.86,-1.1708003,1.6855695,9.4932995
318,-0.00018979,4.16E-05,-0.000206734,-0.061419446,0.044932194,0.018380936,-1087.62,242.22,1444.32,-1.2354459,1.7262721,9.423865
319,-0.000105997,-2.72E-06,-0.000126703,-0.017437149,-0.07968432,0.08679784,-1086.5399,241.92,1444.9199,-1.4868447,1.7382435,9.6585045
320,8.57E-06,1.16E-06,-1.30E-06,0.001499674,-0.058304034,0.06969362,-1086.48,242.51999,1444.62,-1.3695252,1.7669748,10.000886
321,1.42E-05,-1.46E-06,2.97E-07,-0.002776383,0.020497583,0.003109304,-1086.66,242.28,1445.1599,-1.1372806,1.6807809,9.677659
322,2.54E-05,1.21E-05,1.09E-05,0.002721405,0.026606236,-0.000555887,-1086.36,242.04,1445.0399,-1.1253091,1.6328955,9.522031
323,0.000355356,0.000109221,0.000169165,-0.015604552,0.03271489,-0.013994923,-1085.94,242.34,1445.52,-1.1899546,1.6544439,9.514848
324,0.000387807,-6.53E-06,0.000293225,-0.038206566,0.12434468,-0.059198953,-1085.88,242.28,1445.88,-1.1803775,1.6879637,9.39274
325,0.000438737,-6.09E-05,0.000428775,0.00211054,0.12434468,-0.09401827,-1085.52,242.87999,1445.52,-1.2306572,1.7119064,9.411894
326,0.000389259,-9.68E-05,0.000494664,0.01738217,0.12495554,-0.12211807,-1085.88,242.34,1446.12,-1.3168511,1.7837347,9.364009
327,0.00018331,-0.000208933,0.00021132,0.027156016,0.10907304,-0.13861144,-1086.48,242.51999,1445.1,-1.1492519,1.5850099,9.478934
328,1.48E-05,-0.000163576,0.000147478,0.07907956,0.069366805,-0.07996837,-1086.12,242.15999,1444.98,-1.4365649,1.5850099,9.771035
329,-0.00012827,-4.94E-05,0.000158904,0.07785783,0.007058548,-0.07019453,-1086.78,241.79999,1445.2799,-1.5131817,1.7382435,9.742304
330,-0.001087679,-0.000439323,-0.000588986,0.024101688,-0.06258009,-0.07752491,-1086.5399,242.28,1445.2799,-1.2881198,1.6424725,9.62259
331,-0.000961098,-0.000293046,-0.000494724,0.08579908,-0.21224208,0.114897646,-1086.2999,242.87999,1445.7,-1.8723229,1.9226027,9.701602
332,-3.47E-05,1.22E-05,2.96E-05,0.061975334,-0.2030791,0.10451293,-1085.52,243.06,1444.5,-2.0806248,2.2601955,9.759064
333,7.24E-05,5.09E-05,2.39E-05,-0.012550226,-0.03570202,-0.030488284,-1085.52,242.4,1445.0399,-1.1875603,1.8795058,9.313729
334,7.25E-05,0.000200042,0.000103516,-0.037595704,0.053484306,-0.017660115,-1085.7,242.87999,1445.2799,-1.2450229,1.6664152,9.198804
335,7.52E-05,2.62E-05,0.000325696,-0.09196271,0.033325754,-0.04759251,-1086.24,242.58,1445.0399,-1.3144568,1.7047237,9.210775
336,0.000944122,-0.000295443,0.000415939,-0.010106766,0.029049696,-0.12578326,-1086.48,242.51999,1444.86,-1.0462981,1.5323359,9.486116
337,-7.27E-05,-9.33E-06,7.75E-05,0.06380793,0.20375715,-0.08974221,-1087.08,243.23999,1443.6,-1.3791022,1.5107874,9.816526
338,-0.003307364,0.000812372,-0.000639846,0.006386596,-0.04975192,-0.053090297,-1087.08,243.23999,1443.4199,-1.5969813,1.9465454,9.229929
339,-0.001540417,0.000626965,-0.000708745,-0.09746049,-0.39733425,0.077024005,-1086.96,243.06,1444.38,-1.9489397,1.7669748,9.845258
340,-0.000154638,0.000601981,-0.000418736,-0.104180016,-0.25622436,0.117951974,-1086.9,243.36,1443.6599,-1.7166951,2.047105,9.938635
341,-6.78E-05,0.000315527,-0.000333268,-0.1554927,-0.039978076,0.108178124,-1086.66,242.64,1443.96,-1.2043202,1.7933118,9.4095
342,0.000672168,0.000624423,-0.00072393,-0.10356914,-0.022262983,0.109399855,-1086.66,243.36,1443.6599,-1.2067145,1.5706443,9.296969
343,0.000138972,0.000753773,-0.000842943,-0.12922549,0.13900545,0.14971696,-1088.16,242.76,1444.2,-1.1013664,1.5778271,9.435837
344,-0.000411948,0.000439569,-0.000338461,-0.15793616,0.029049696,0.17659503,-1088.58,242.04,1444.02,-1.3288225,1.802889,9.225141
345,-0.00250944,-0.001258979,-0.000986788,-0.11822991,-0.11083845,0.0910739,-1088.46,242.45999,1443.96,-1.1300977,1.5538844,9.694419
346,-0.000721283,-0.001360265,-0.000497779,0.16337897,-0.32525215,0.12772581,-1087.5599,242.58,1445.0399,-1.1875603,1.5634614,10.0200405
347,-0.000447728,-0.001204237,8.94E-05,0.23912625,-0.12672094,0.08740871,-1087.26,242.34,1444.9199,-1.3958622,1.611347,10.118205
348,-0.0006172,-0.000213261,0.00077526,0.23729366,-0.08823643,-0.017660115,-1087.32,242.09999,1444.5,-0.31365,1.3743137,9.792584
349,4.83E-05,-3.23E-05,0.00011934,0.04731457,-0.13710566,-0.17220901,-1087.62,242.45999,1444.86,-0.19393626,1.0846065,9.464568
350,5.66E-06,-2.28E-05,2.20E-05,0.019825632,0.029660562,-0.07324885,-1088.64,242.45999,1444.2,-0.76137936,1.5299416,9.203592
351,-0.000149064,6.46E-05,6.50E-05,0.028377745,0.007058548,-0.027433958,-1089,242.22,1444.5599,-0.81165916,1.3647367,9.522031
352,-7.60E-05,4.90E-05,6.51E-06,-0.034541376,-0.07968432,-0.03476434,-1088.1,242.64,1444.74,-0.8930645,1.5107874,9.680053
353,-0.000288248,0.000172429,3.96E-05,-0.03637397,-0.05647144,-0.004831944,-1088.46,242.76,1444.14,-1.0750294,1.7238779,9.792584
354,-6.88E-05,2.56E-06,1.08E-05,-0.06630637,-0.11083845,-0.015216653,-1089.0599,242.51999,1444.5599,-0.9385557,1.8076775,9.785401
355,-1.43E-06,-5.12E-07,9.09E-07,-0.002165517,-0.058304034,-0.009108,-1089.1799,242.81999,1444.44,-0.91461295,1.6855695,9.586677
356,-0.000120037,0.000213813,2.84E-05,0.002721405,-0.007602218,-0.004831944,-1088.64,242.45999,1443.72,-0.71828246,1.5826156,9.641745
357,-0.001722738,0.000511028,-2.55E-05,-0.09623876,-0.05402798,-0.012773193,-1089,243.12,1443.96,-0.8643332,1.6065584,9.323306
358,-0.001581873,-0.001079082,-3.52E-05,-0.08524319,-0.28737852,0.004331035,-1089.84,242.28,1444.7999,-0.85954463,1.6975409,9.407105
359,-0.001000981,-0.000902702,6.59E-05,0.17437454,-0.2556135,0.005552765,-1090.32,241.73999,1443.96,-0.90982443,1.6065584,10.307353
360,-0.00221324,0.000185387,8.94E-05,0.17376368,-0.19269438,-0.012773193,-1089.48,242.7,1443.84,-0.47167215,1.6592325,10.091868
361,-0.00132004,-0.00024048,0.000219329,-0.027821857,-0.33197165,-0.013384057,-1088.64,242.09999,1444.02,-0.54828894,1.6041641,9.457385
362,8.26E-05,6.94E-05,5.09E-05,0.046092838,-0.25317004,-0.042094722,-1089.0599,243.06,1443.0599,-0.3902668,1.541913,9.421472
363,0.000489861,0.000671741,-4.03E-05,-0.04492608,0.053484306,-0.032931745,-1088.64,243.18,1442.4,-0.17478207,1.5371244,8.954588
364,0.001194343,0.001525437,-0.000161217,-0.16465567,0.12006862,0.009828822,-1087.7999,242.28,1443.24,-0.009577099,1.6496553,9.529214
365,0.003845155,0.00220803,0.000485644,-0.24467902,0.19153985,0.025711318,-1087.6799,243.29999,1443.0599,-0.6249057,1.6305012,9.694419
366,0.003296662,0.000511589,-0.000111088,-0.23368344,0.4071753,-0.05186857,-1088.1,242.81999,1442.64,-0.21069619,1.4964218,9.273026
367,0.000948697,-0.000501153,-0.000627419,-0.06264118,0.4035101,0.013494013,-1087.74,242.93999,1443.48,-0.66800267,1.5969813,9.921875
368,-3.14E-05,0.000126354,0.000156381,0.100459844,0.19031812,0.12589322,-1086.12,242.7,1444.5599,-0.94095,1.2809371,10.228342
369,0.000145254,-8.85E-05,0.000479038,-0.06264118,-0.015543466,-0.07752491,-1085.94,242.7,1444.5599,-0.5865973,1.2641771,9.845258
370,0.015905732,-0.013093008,0.005785725,0.02776688,0.045543056,-0.15021786,-1086.24,243,1444.5,-0.29689008,1.1540405,10.032011
371,0.002054291,-0.001394371,0.001816629,0.6355778,0.76758575,-0.2748344,-1085.52,242.4,1444.7999,-0.17478207,1.2091088,10.307353
372,0.000261166,0.000133235,0.000469144,0.17803973,0.26178938,-0.23146296,-1086.2999,242.51999,1445.22,-0.51716334,1.2426286,9.828498
373,0.000345264,0.000663034,0.000159722,-0.040039163,0.07852978,-0.1410549,-1085.34,243.72,1444.9199,-1.6855695,1.9226027,8.664881
374,0.00025998,0.000204345,7.30E-05,-0.16954258,0.088303626,-0.040872995,-1085.64,243.18,1444.86,-1.8316202,1.9872481,8.820508
375,0.000103547,9.83E-05,3.88E-05,-0.07852367,0.099910066,-0.028044824,-1085.1,243.23999,1443.84,-1.4916332,1.7478206,9.471751
376,4.30E-05,0.000360789,-0.000107785,-0.05714339,0.060203824,-0.022547036,,,,-1.620924,1.637684,9.390346
377,-0.000450249,0.000601338,-0.000444236,-0.1310581,0.015610661,0.039150354,,,,-1.6281068,1.6855695,9.237112
378,-4.97E-05,0.00014214,-0.000449815,-0.14388627,-0.10778412,0.10634553,,,,-1.515576,1.6065584,9.481328
379,,,,-0.046147816,-0.016154332,0.14605178,,,,-1.6233183,1.6712039,9.720756
380,,,,,,,,,,-1.637684,1.6161355,9.498088